num_cases,num_evaluable_cases,first_pass_success_rate,ultimate_success_rate,correct_rejection_rate,false_answer_rate,unknown_rate,avg_iterations,avg_critic_calls,avg_critic_llm_calls,avg_critic_input_tokens,avg_critic_output_tokens,avg_critic_total_tokens,avg_llm_calls,avg_mcp_calls,avg_sql_executions,avg_input_tokens,avg_output_tokens,avg_total_tokens,avg_runtime_seconds,avg_sql_stage_llm_calls,avg_sql_stage_mcp_calls,avg_sql_stage_sql_executions,avg_sql_stage_input_tokens,avg_sql_stage_output_tokens,avg_sql_stage_total_tokens,avg_sql_stage_runtime_seconds,avg_answer_synthesis_llm_calls,avg_answer_synthesis_input_tokens,avg_answer_synthesis_output_tokens,avg_answer_synthesis_total_tokens,avg_answer_synthesis_runtime_seconds,avg_end_to_end_llm_calls,avg_end_to_end_total_tokens,avg_end_to_end_runtime_seconds,stored_result_truncation_rate,avg_stored_result_row_count,avg_table_f1_first,avg_table_f1_final,system,critic_activation_rate,critic_recovery_rate,critic_recovery_rate_answerable,avg_iterations_when_critic_active,avg_critic_calls_when_critic_active,failed_after_max_iterations
60,60,0.6166666666666667,0.6166666666666667,0.25,0.0,0.0,0.0,0.0,0.0,0.0,0.0,0.0,1.0,0.0,0.7166666666666667,4305.466666666666,1144.8333333333333,5450.3,12.233643899999999,1.0,0.0,0.7166666666666667,4305.466666666666,1144.8333333333333,5450.3,12.233643899999999,0.0,,,,0.0,1.0,5450.3,12.233643899999999,0.016666666666666666,25.906976744186046,0.9096809363476028,0.9096809363476028,A,,,,,,
60,60,0.8,0.8,0.25,0.0,0.0,0.0,0.0,0.0,0.0,0.0,0.0,2.683333333333333,34.03333333333333,0.6833333333333333,21328.566666666666,2112.866666666667,23441.433333333334,24.16355025,2.0,34.03333333333333,0.6833333333333333,20917.316666666666,1965.7666666666667,22883.083333333332,22.222427116666665,0.6833333333333333,411.25,147.1,558.35,1.9411231333333328,2.683333333333333,23441.433333333334,24.16355025,0.06666666666666667,1.7073170731707317,0.9042231842231842,0.9042231842231842,B,,,,,,
60,60,0.8166666666666667,0.85,0.25,0.0,0.0,0.7166666666666667,1.6,1.6,24396.7,2162.75,26559.45,4.983333333333333,35.45,1.0666666666666667,60039.35,5567.45,65606.8,58.6896119,4.283333333333333,35.45,1.0666666666666667,59599.53333333333,5400.25,64999.78333333333,56.28421663333333,0.7,439.81666666666666,167.2,607.0166666666667,2.405395266666666,4.983333333333333,65606.8,58.6896119,0.06666666666666667,1.6744186046511629,0.8613035113035113,0.9215055315055314,C,1.0,0.06666666666666667,0.08888888888888889,0.7166666666666667,1.6,4.0
